episode,turn_index,buy_decision_index,coins_available,buys_available,score_rl_current,score_opp_current,score_diff_current,provinces_remaining,duchies_remaining,estates_remaining,total_deck_size_rl_current,affordable_cards,chosen_action,chosen_card,was_gold_affordable,was_province_affordable,was_duchy_affordable,was_silver_affordable,was_curse_affordable,bought_gold,bought_province,bought_duchy,bought_silver,bought_estate,bought_copper,bought_curse,bought_none,epsilon,q_value_chosen,top_k_actions_with_q_values
1,1,1,4,1,3,3,0,8,8,8,10,Copper;Curse;Estate;Silver,1,Silver,0,0,0,1,1,0,0,0,1,0,0,0,0,1.0000,0.0451,Curse:0.074;Silver:0.045;Estate:0.023
1,2,2,3,1,3,3,0,8,8,8,11,Copper;Curse;Estate;Silver,6,Curse,0,0,0,1,1,0,0,0,0,0,0,1,0,0.9995,0.0744,Curse:0.074;Silver:0.046;Estate:0.024
1,3,3,3,1,2,3,-1,8,8,8,12,Copper;Curse;Estate;Silver,6,Curse,0,0,0,1,1,0,0,0,0,0,0,1,0,0.9990,0.0740,Curse:0.074;Silver:0.046;Estate:0.024
1,4,4,5,1,1,3,-2,8,8,8,13,Copper;Curse;Duchy;Estate;Silver,1,Silver,0,0,1,1,1,0,0,0,1,0,0,0,0,0.9985,0.0460,Curse:0.074;Silver:0.046;Estate:0.024
1,5,5,3,1,1,3,-2,8,8,8,14,Copper;Curse;Estate;Silver,1,Silver,0,0,0,1,1,0,0,0,1,0,0,0,0,0.9980,0.0475,Curse:0.075;Silver:0.047;Estate:0.023
1,6,6,6,1,1,3,-2,8,8,8,15,Copper;Curse;Duchy;Estate;Gold;Silver,6,Curse,1,0,1,1,1,0,0,0,0,0,0,1,0,0.9975,0.0741,Curse:0.074;Silver:0.046;Estate:0.024
1,7,7,3,1,0,3,-3,8,8,8,16,Copper;Curse;Estate;Silver,0,Copper,0,0,0,1,1,0,0,0,0,0,1,0,0,0.9970,-0.0620,Curse:0.075;Silver:0.047;Estate:0.024
1,8,8,4,1,0,3,-3,8,8,8,17,Copper;Curse;Estate;Silver,0,Copper,0,0,0,1,1,0,0,0,0,0,1,0,0,0.9965,-0.0625,Curse:0.077;Silver:0.047;Estate:0.023
1,9,9,4,1,0,3,-3,8,8,8,18,Copper;Curse;Estate;Silver,33,NONE,0,0,0,1,1,0,0,0,0,0,0,0,1,0.9960,0.0068,Curse:0.077;Silver:0.046;Estate:0.024
1,10,10,8,1,0,3,-3,8,8,8,18,Copper;Curse;Duchy;Estate;Gold;Province;Silver,1,Silver,1,1,1,1,1,0,0,0,1,0,0,0,0,0.9955,0.0444,Province:0.078;Curse:0.077;Silver:0.044
1,11,11,3,1,0,3,-3,8,8,8,19,Copper;Curse;Estate;Silver,33,NONE,0,0,0,1,1,0,0,0,0,0,0,0,1,0.9950,0.0069,Curse:0.077;Silver:0.046;Estate:0.022
1,12,12,2,1,0,3,-3,8,8,8,19,Copper;Curse;Estate,33,NONE,0,0,0,0,1,0,0,0,0,0,0,0,1,0.9945,0.0074,Curse:0.079;Estate:0.021;PASS:0.007
1,13,13,4,1,0,9,-9,7,8,8,19,Copper;Curse;Estate;Silver,3,Estate,0,0,0,1,1,0,0,0,0,1,0,0,0,0.9940,0.0237,Curse:0.082;Silver:0.045;Estate:0.024
1,14,14,6,1,1,15,-14,6,8,7,20,Copper;Curse;Duchy;Estate;Gold;Silver,6,Curse,1,0,1,1,1,0,0,0,0,0,0,1,0,0.9935,0.0836,Curse:0.084;Silver:0.044;Estate:0.025
1,15,15,4,1,0,21,-21,5,8,7,21,Copper;Curse;Estate;Silver,3,Estate,0,0,0,1,1,0,0,0,0,1,0,0,0,0.9930,0.0261,Curse:0.088;Silver:0.047;Estate:0.026
1,16,16,4,1,1,21,-20,5,8,6,22,Copper;Curse;Estate;Silver,6,Curse,0,0,0,1,1,0,0,0,0,0,0,1,0,0.9925,0.0876,Curse:0.088;Silver:0.047;Estate:0.026
1,17,17,4,1,0,21,-21,5,8,6,23,Copper;Curse;Estate;Silver,33,NONE,0,0,0,1,1,0,0,0,0,0,0,0,1,0.9920,0.0066,Curse:0.088;Silver:0.047;Estate:0.027
1,18,18,4,1,0,21,-21,5,8,6,23,Copper;Curse;Estate;Silver,1,Silver,0,0,0,1,1,0,0,0,1,0,0,0,0,0.9915,0.0471,Curse:0.088;Silver:0.047;Estate:0.026
1,19,19,3,1,0,27,-27,4,8,6,24,Copper;Curse;Estate;Silver,3,Estate,0,0,0,1,1,0,0,0,0,1,0,0,0,0.9910,0.0263,Curse:0.090;Silver:0.049;Estate:0.026
1,20,20,4,1,1,27,-26,4,8,5,25,Copper;Curse;Estate;Silver,6,Curse,0,0,0,1,1,0,0,0,0,0,0,1,0,0.9905,0.0884,Curse:0.088;Silver:0.048;Estate:0.027
1,21,21,5,1,0,33,-33,3,8,5,26,Copper;Curse;Duchy;Estate;Silver,33,NONE,0,0,1,1,1,0,0,0,0,0,0,0,1,0.9900,0.0015,Curse:0.089;Silver:0.048;Estate:0.028
1,22,22,2,1,0,39,-39,2,8,5,26,Copper;Curse;Estate,3,Estate,0,0,0,0,1,0,0,0,0,1,0,0,0,0.9896,0.0265,Curse:0.089;Estate:0.027;PASS:0.001
1,23,23,5,1,1,45,-44,1,8,4,27,Copper;Curse;Duchy;Estate;Silver,1,Silver,0,0,1,1,1,0,0,0,1,0,0,0,0,0.9891,0.0502,Curse:0.089;Silver:0.050;Estate:0.028
1,24,24,3,1,1,45,-44,1,8,4,28,Copper;Curse;Estate;Silver,33,NONE,0,0,0,1,1,0,0,0,0,0,0,0,1,0.9886,-0.0001,Curse:0.089;Silver:0.050;Estate:0.026
1,25,25,2,1,1,45,-44,1,8,4,28,Copper;Curse;Estate,3,Estate,0,0,0,0,1,0,0,0,0,1,0,0,0,0.9881,0.0271,Curse:0.088;Estate:0.027;PASS:-0.000
1,26,26,4,1,2,45,-43,1,8,3,29,Copper;Curse;Estate;Silver,3,Estate,0,0,0,1,1,0,0,0,0,1,0,0,0,0.9876,0.0264,Curse:0.088;Silver:0.049;Estate:0.026
2,1,1,3,1,3,3,0,8,8,8,10,Copper;Curse;Estate;Silver,1,Silver,0,0,0,1,1,0,0,0,1,0,0,0,0,0.9871,0.0454,Curse:0.075;Silver:0.045;Estate:0.024
2,2,2,4,1,3,3,0,8,8,8,11,Copper;Curse;Estate;Silver,3,Estate,0,0,0,1,1,0,0,0,0,1,0,0,0,0.9866,0.0239,Curse:0.074;Silver:0.046;Estate:0.024
2,3,3,5,1,4,3,1,8,8,7,12,Copper;Curse;Duchy;Estate;Silver,1,Silver,0,0,1,1,1,0,0,0,1,0,0,0,0,0.9861,0.0464,Curse:0.073;Silver:0.046;Estate:0.024
2,4,4,2,1,4,3,1,8,8,7,13,Copper;Curse;Estate,0,Copper,0,0,0,0,1,0,0,0,0,0,1,0,0,0.9856,-0.0612,Curse:0.073;Estate:0.022;PASS:0.007
2,5,5,5,1,4,3,1,8,8,7,14,Copper;Curse;Duchy;Estate;Silver,6,Curse,0,0,1,1,1,0,0,0,0,0,0,1,0,0.9851,0.0732,Curse:0.073;Silver:0.048;Estate:0.023
2,6,6,4,1,3,3,0,8,8,7,15,Copper;Curse;Estate;Silver,1,Silver,0,0,0,1,1,0,0,0,1,0,0,0,0,0.9846,0.0475,Curse:0.073;Silver:0.048;Estate:0.023
2,7,7,5,1,3,3,0,8,8,7,16,Copper;Curse;Duchy;Estate;Silver,33,NONE,0,0,1,1,1,0,0,0,0,0,0,0,1,0.9841,0.0068,Curse:0.073;Silver:0.047;Estate:0.023
2,8,8,5,1,3,3,0,8,8,7,16,Copper;Curse;Duchy;Estate;Silver,4,Duchy,0,0,1,1,1,0,0,1,0,0,0,0,0,0.9836,-0.0272,Curse:0.074;Silver:0.047;Estate:0.022
2,9,9,2,1,6,9,-3,7,7,7,17,Copper;Curse;Estate,0,Copper,0,0,0,0,1,0,0,0,0,0,1,0,0,0.9831,-0.0648,Curse:0.074;Estate:0.022;PASS:0.006
2,10,10,6,1,6,9,-3,7,7,7,18,Copper;Curse;Duchy;Estate;Gold;Silver,0,Copper,1,0,1,1,1,0,0,0,0,0,1,0,0,0.9826,-0.0656,Curse:0.075;Silver:0.045;Estate:0.023
2,11,11,6,1,6,9,-3,7,7,7,19,Copper;Curse;Duchy;Estate;Gold;Silver,1,Silver,1,0,1,1,1,0,0,0,1,0,0,0,0,0.9822,0.0450,Curse:0.076;Silver:0.045;Estate:0.023
2,12,12,2,1,6,9,-3,7,7,7,20,Copper;Curse;Estate,3,Estate,0,0,0,0,1,0,0,0,0,1,0,0,0,0.9817,0.0198,Curse:0.077;Estate:0.020;PASS:0.006
2,13,13,4,1,7,9,-2,7,7,6,21,Copper;Curse;Estate;Silver,33,NONE,0,0,0,1,1,0,0,0,0,0,0,0,1,0.9812,0.0058,Curse:0.076;Silver:0.045;Estate:0.020
2,14,14,4,1,7,15,-8,6,7,6,21,Copper;Curse;Estate;Silver,33,NONE,0,0,0,1,1,0,0,0,0,0,0,0,1,0.9807,0.0065,Curse:0.079;Silver:0.044;Estate:0.021
2,15,15,4,1,7,15,-8,6,7,6,21,Copper;Curse;Estate;Silver,0,Copper,0,0,0,1,1,0,0,0,0,0,1,0,0,0.9802,-0.0657,Curse:0.079;Silver:0.043;Estate:0.020
2,16,16,4,1,7,21,-14,5,7,6,22,Copper;Curse;Estate;Silver,33,NONE,0,0,0,1,1,0,0,0,0,0,0,0,1,0.9797,0.0035,Curse:0.084;Silver:0.045;Estate:0.022
2,17,17,6,1,7,27,-20,4,7,6,22,Copper;Curse;Duchy;Estate;Gold;Silver,4,Duchy,1,0,1,1,1,0,0,1,0,0,0,0,0,0.9792,-0.0372,Curse:0.086;Silver:0.044;Estate:0.023
2,18,18,5,1,10,27,-17,4,6,6,23,Copper;Curse;Duchy;Estate;Silver,33,NONE,0,0,1,1,1,0,0,0,0,0,0,0,1,0.9787,0.0026,Curse:0.085;Silver:0.045;Estate:0.023
2,19,19,4,1,10,27,-17,4,6,6,23,Copper;Curse;Estate;Silver,3,Estate,0,0,0,1,1,0,0,0,0,1,0,0,0,0.9782,0.0217,Curse:0.084;Silver:0.044;Estate:0.022
2,20,20,2,1,11,27,-16,4,6,5,24,Copper;Curse;Estate,33,NONE,0,0,0,0,1,0,0,0,0,0,0,0,1,0.9777,0.0039,Curse:0.082;Estate:0.021;PASS:0.004
2,21,21,4,1,11,33,-22,3,6,5,24,Copper;Curse;Estate;Silver,33,NONE,0,0,0,1,1,0,0,0,0,0,0,0,1,0.9773,0.0027,Curse:0.085;Silver:0.045;Estate:0.022
2,22,22,2,1,11,33,-22,3,6,5,24,Copper;Curse;Estate,0,Copper,0,0,0,0,1,0,0,0,0,0,1,0,0,0.9768,-0.0643,Curse:0.086;Estate:0.024;PASS:0.003
2,23,23,5,1,11,33,-22,3,6,5,25,Copper;Curse;Duchy;Estate;Silver,3,Estate,0,0,1,1,1,0,0,0,0,1,0,0,0,0.9763,0.0217,Curse:0.085;Silver:0.045;Estate:0.022
2,24,24,4,1,12,33,-21,3,6,4,26,Copper;Curse;Estate;Silver,33,NONE,0,0,0,1,1,0,0,0,0,0,0,0,1,0.9758,0.0023,Curse:0.085;Silver:0.045;Estate:0.022
2,25,25,4,1,12,39,-27,2,6,4,26,Copper;Curse;Estate;Silver,1,Silver,0,0,0,1,1,0,0,0,1,0,0,0,0,0.9753,0.0452,Curse:0.085;Silver:0.045;Estate:0.023
2,26,26,4,1,12,39,-27,2,6,4,27,Copper;Curse;Estate;Silver,0,Copper,0,0,0,1,1,0,0,0,0,0,1,0,0,0.9748,-0.0674,Curse:0.085;Silver:0.046;Estate:0.023
2,27,27,6,1,12,45,-33,1,6,4,28,Copper;Curse;Duchy;Estate;Gold;Silver,0,Copper,1,0,1,1,1,0,0,0,0,0,1,0,0,0.9743,-0.0683,Curse:0.086;Silver:0.045;Estate:0.023
3,1,1,2,1,3,3,0,8,8,8,10,Copper;Curse;Estate,33,NONE,0,0,0,0,1,0,0,0,0,0,0,0,1,0.9738,0.0065,Curse:0.075;Estate:0.024;PASS:0.006
3,2,2,5,1,3,3,0,8,8,8,10,Copper;Curse;Duchy;Estate;Silver,33,NONE,0,0,1,1,1,0,0,0,0,0,0,0,1,0.9734,0.0069,Curse:0.074;Silver:0.045;Estate:0.023
3,3,3,4,1,3,3,0,8,8,8,10,Copper;Curse;Estate;Silver,0,Copper,0,0,0,1,1,0,0,0,0,0,1,0,0,0.9729,-0.0595,Curse:0.074;Silver:0.046;Estate:0.024
3,4,4,3,1,3,3,0,8,8,8,11,Copper;Curse;Estate;Silver,6,Curse,0,0,0,1,1,0,0,0,0,0,0,1,0,0.9724,0.0742,Curse:0.074;Silver:0.046;Estate:0.024
3,5,5,3,1,2,3,-1,8,8,8,12,Copper;Curse;Estate;Silver,33,NONE,0,0,0,1,1,0,0,0,0,0,0,0,1,0.9719,0.0071,Curse:0.074;Silver:0.046;Estate:0.024
3,6,6,4,1,2,9,-7,7,8,8,12,Copper;Curse;Estate;Silver,6,Curse,0,0,0,1,1,0,0,0,0,0,0,1,0,0.9714,0.0776,Curse:0.078;Silver:0.045;Estate:0.024
3,7,7,3,1,1,9,-8,7,8,8,13,Copper;Curse;Estate;Silver,33,NONE,0,0,0,1,1,0,0,0,0,0,0,0,1,0.9709,0.0076,Curse:0.079;Silver:0.044;Estate:0.025
3,8,8,3,1,1,9,-8,7,8,8,13,Copper;Curse;Estate;Silver,33,NONE,0,0,0,1,1,0,0,0,0,0,0,0,1,0.9704,0.0073,Curse:0.077;Silver:0.043;Estate:0.025
3,9,9,4,1,1,9,-8,7,8,8,13,Copper;Curse;Estate;Silver,6,Curse,0,0,0,1,1,0,0,0,0,0,0,1,0,0.9700,0.0776,Curse:0.078;Silver:0.042;Estate:0.024
3,10,10,2,1,0,15,-15,6,8,8,14,Copper;Curse;Estate,33,NONE,0,0,0,0,1,0,0,0,0,0,0,0,1,0.9695,0.0086,Curse:0.083;Estate:0.026;PASS:0.009
3,11,11,3,1,0,21,-21,5,8,8,14,Copper;Curse;Estate;Silver,1,Silver,0,0,0,1,1,0,0,0,1,0,0,0,0,0.9690,0.0450,Curse:0.086;Silver:0.045;Estate:0.027
3,12,12,4,1,0,21,-21,5,8,8,15,Copper;Curse;Estate;Silver,33,NONE,0,0,0,1,1,0,0,0,0,0,0,0,1,0.9685,-0.0260,Curse:0.010;Silver:-0.014;PASS:-0.026
3,13,13,2,1,0,21,-21,5,8,8,15,Copper;Curse;Estate,0,Copper,0,0,0,0,1,0,0,0,0,0,1,0,0,0.9680,-0.2323,Curse:-0.063;PASS:-0.068;Estate:-0.196
3,14,14,3,1,0,21,-21,5,8,8,16,Copper;Curse;Estate;Silver,1,Silver,0,0,0,1,1,0,0,0,1,0,0,0,0,0.9675,-0.1923,PASS:-0.125;Curse:-0.148;Silver:-0.192
3,15,15,5,1,0,21,-21,5,8,8,17,Copper;Curse;Duchy;Estate;Silver,3,Estate,0,0,1,1,1,0,0,0,0,1,0,0,0,0.9670,-0.5355,PASS:-0.202;Curse:-0.272;Silver:-0.346
3,16,16,3,1,1,27,-26,4,8,7,18,Copper;Curse;Estate;Silver,33,NONE,0,0,0,1,1,0,0,0,0,0,0,0,1,0.9666,-0.3115,PASS:-0.312;Curse:-0.451;Silver:-0.564
3,17,17,3,1,1,27,-26,4,8,7,18,Copper;Curse;Estate;Silver,1,Silver,0,0,0,1,1,0,0,0,1,0,0,0,0,0.9661,-0.8640,PASS:-0.465;Curse:-0.707;Silver:-0.864
3,18,18,5,1,1,27,-26,4,8,7,19,Copper;Curse;Duchy;Estate;Silver,33,NONE,0,0,1,1,1,0,0,0,0,0,0,0,1,0.9656,-0.6773,PASS:-0.677;Duchy:-1.034;Curse:-1.059
3,19,19,5,1,1,33,-32,3,8,7,19,Copper;Curse;Duchy;Estate;Silver,3,Estate,0,0,1,1,1,0,0,0,0,1,0,0,0,0.9651,-2.3033,PASS:-0.906;Duchy:-1.367;Curse:-1.474
3,20,20,3,1,2,33,-31,3,8,6,20,Copper;Curse;Estate;Silver,3,Estate,0,0,0,1,1,0,0,0,0,1,0,0,0,0.9646,-3.2113,PASS:-1.233;Curse:-2.052;Silver:-2.394
3,21,21,3,1,3,33,-30,3,8,5,21,Copper;Curse;Estate;Silver,33,NONE,0,0,0,1,1,0,0,0,0,0,0,0,1,0.9641,-1.5451,PASS:-1.545;Curse:-2.649;Silver:-3.065
3,22,22,4,1,3,33,-30,3,8,5,21,Copper;Curse;Estate;Silver,3,Estate,0,0,0,1,1,0,0,0,0,1,0,0,0,0.9637,-4.5701,PASS:-1.421;Curse:-2.699;Silver:-3.112
3,23,23,1,1,4,33,-29,3,8,4,22,Copper;Curse,33,NONE,0,0,0,0,1,0,0,0,0,0,0,0,1,0.9632,-1.2051,PASS:-1.205;Curse:-2.628;Copper:-4.183
3,24,24,4,1,4,33,-29,3,8,4,22,Copper;Curse;Estate;Silver,3,Estate,0,0,0,1,1,0,0,0,0,1,0,0,0,0.9627,-4.3568,PASS:-0.842;Curse:-2.245;Silver:-2.577
3,25,25,6,1,5,39,-34,2,8,3,23,Copper;Curse;Duchy;Estate;Gold;Silver,33,NONE,1,0,1,1,1,0,0,0,0,0,0,0,1,0.9622,-0.5382,PASS:-0.538;Duchy:-1.686;Curse:-1.932
3,26,26,2,1,5,45,-40,1,8,3,23,Copper;Curse;Estate,33,NONE,0,0,0,0,1,0,0,0,0,0,0,0,1,0.9617,-0.2924,PASS:-0.292;Curse:-1.707;Copper:-3.318
4,1,1,3,1,3,3,0,8,8,8,10,Copper;Curse;Estate;Silver,1,Silver,0,0,0,1,1,0,0,0,1,0,0,0,0,0.9613,-1.1869,PASS:-0.113;Curse:-1.050;Silver:-1.187
4,2,2,4,1,3,3,0,8,8,8,11,Copper;Curse;Estate;Silver,1,Silver,0,0,0,1,1,0,0,0,1,0,0,0,0,0.9608,-1.1322,PASS:-0.110;Curse:-1.011;Silver:-1.132
4,3,3,5,1,3,3,0,8,8,8,12,Copper;Curse;Duchy;Estate;Silver,6,Curse,0,0,1,1,1,0,0,0,0,0,0,1,0,0.9603,-1.0329,PASS:-0.164;Duchy:-0.928;Curse:-1.033
4,4,4,4,1,2,3,-1,8,8,8,13,Copper;Curse;Estate;Silver,3,Estate,0,0,0,1,1,0,0,0,0,1,0,0,0,0.9598,-2.9006,PASS:-0.211;Curse:-1.038;Silver:-1.153
4,5,5,3,1,3,3,0,8,8,7,14,Copper;Curse;Estate;Silver,6,Curse,0,0,0,1,1,0,0,0,0,0,0,1,0,0.9593,-1.0563,PASS:-0.262;Curse:-1.056;Silver:-1.171
4,6,6,5,1,2,3,-1,8,8,7,15,Copper;Curse;Duchy;Estate;Silver,6,Curse,0,0,1,1,1,0,0,0,0,0,0,1,0,0.9589,-1.0968,PASS:-0.319;Duchy:-1.014;Curse:-1.097
4,7,7,3,1,1,3,-2,8,8,7,16,Copper;Curse;Estate;Silver,33,NONE,0,0,0,1,1,0,0,0,0,0,0,0,1,0.9584,-0.4658,PASS:-0.466;Curse:-1.236;Silver:-1.367
4,8,8,3,1,1,3,-2,8,8,7,16,Copper;Curse;Estate;Silver,1,Silver,0,0,0,1,1,0,0,0,1,0,0,0,0,0.9579,-1.4833,PASS:-0.656;Curse:-1.338;Silver:-1.483
4,9,9,4,1,1,3,-2,8,8,7,17,Copper;Curse;Estate;Silver,33,NONE,0,0,0,1,1,0,0,0,0,0,0,0,1,0.9574,-0.8799,PASS:-0.880;Curse:-1.435;Silver:-1.585
4,10,10,4,1,1,9,-8,7,8,7,17,Copper;Curse;Estate;Silver,0,Copper,0,0,0,1,1,0,0,0,0,0,1,0,0,0.9569,-5.0938,PASS:-1.089;Curse:-1.474;Silver:-1.618
4,11,11,3,1,1,9,-8,7,8,7,18,Copper;Curse;Estate;Silver,33,NONE,0,0,0,1,1,0,0,0,0,0,0,0,1,0.9565,-1.2079,PASS:-1.208;Curse:-1.394;Silver:-1.534
4,12,12,4,1,1,9,-8,7,8,7,18,Copper;Curse;Estate;Silver,1,Silver,0,0,0,1,1,0,0,0,1,0,0,0,0,0.9560,-1.3473,PASS:-1.220;Curse:-1.224;Silver:-1.347
4,13,13,6,1,1,15,-14,6,8,7,19,Copper;Curse;Duchy;Estate;Gold;Silver,1,Silver,1,0,1,1,1,0,0,0,1,0,0,0,0,0.9555,-1.1381,Curse:-1.044;Duchy:-1.135;Silver:-1.138
4,14,14,3,1,1,15,-14,6,8,7,20,Copper;Curse;Estate;Silver,33,NONE,0,0,0,1,1,0,0,0,0,0,0,0,1,0.9550,-0.9799,Curse:-0.804;Silver:-0.869;PASS:-0.980
4,15,15,3,1,1,21,-20,5,8,7,20,Copper;Curse;Estate;Silver,0,Copper,0,0,0,1,1,0,0,0,0,0,1,0,0,0.9546,-3.2032,Curse:-0.702;Silver:-0.749;PASS:-0.933
4,16,16,6,1,1,21,-20,5,8,7,21,Copper;Curse;Duchy;Estate;Gold;Silver,1,Silver,1,0,1,1,1,0,0,0,1,0,0,0,0,0.9541,-0.5298,Curse:-0.511;Silver:-0.530;Duchy:-0.618
4,17,17,4,1,1,27,-26,4,8,7,22,Copper;Curse;Estate;Silver,6,Curse,0,0,0,1,1,0,0,0,0,0,0,1,0,0.9536,-0.4956,Curse:-0.496;Silver:-0.508;PASS:-0.723
4,18,18,3,1,0,27,-27,4,8,7,23,Copper;Curse;Estate;Silver,1,Silver,0,0,0,1,1,0,0,0,1,0,0,0,0,0.9531,-0.4731,Curse:-0.467;Silver:-0.473;PASS:-0.712
4,19,19,5,1,0,27,-27,4,8,7,24,Copper;Curse;Duchy;Estate;Silver,6,Curse,0,0,1,1,1,0,0,0,0,0,0,1,0,0.9526,-0.4735,Curse:-0.474;Silver:-0.478;Duchy:-0.600
4,20,20,5,1,-1,27,-28,4,8,7,25,Copper;Curse;Duchy;Estate;Silver,6,Curse,0,0,1,1,1,0,0,0,0,0,0,1,0,0.9522,-0.4886,Curse:-0.489;Silver:-0.493;Duchy:-0.622
4,21,21,6,1,-2,27,-29,4,8,7,26,Copper;Curse;Duchy;Estate;Gold;Silver,6,Curse,1,0,1,1,1,0,0,0,0,0,0,1,0,0.9517,-0.5060,Curse:-0.506;Silver:-0.511;Duchy:-0.636
4,22,22,2,1,-3,27,-30,4,8,7,27,Copper;Curse;Estate,6,Curse,0,0,0,0,1,0,0,0,0,0,0,1,0,0.9512,-0.6073,Curse:-0.607;PASS:-1.027;Estate:-2.082
4,23,23,4,1,-4,33,-37,3,8,7,28,Copper;Curse;Estate;Silver,33,NONE,0,0,0,1,1,0,0,0,0,0,0,0,1,0.9507,-1.5609,Curse:-0.880;Silver:-0.892;PASS:-1.561
4,24,24,6,1,-4,39,-43,2,8,7,28,Copper;Curse;Duchy;Estate;Gold;Silver,2,Gold,1,0,1,1,1,1,0,0,0,0,0,0,0,0.9503,-2.3819,Curse:-1.210;Silver:-1.229;Duchy:-1.512
4,25,25,4,1,-4,45,-49,1,8,7,29,Copper;Curse;Estate;Silver,1,Silver,0,0,0,1,1,0,0,0,1,0,0,0,0,0.9498,-1.7016,Curse:-1.660;Silver:-1.702;PASS:-3.004
4,26,26,5,1,-4,45,-49,1,8,7,30,Copper;Curse;Duchy;Estate;Silver,1,Silver,0,0,1,1,1,0,0,0,1,0,0,0,0,0.9493,-2.2804,Curse:-2.182;Silver:-2.280;Duchy:-2.621
4,27,27,4,1,-4,45,-49,1,8,7,31,Copper;Curse;Estate;Silver,3,Estate,0,0,0,1,1,0,0,0,0,1,0,0,0,0.9488,-8.1143,Curse:-2.674;Silver:-2.850;PASS:-4.882
5,1,1,2,1,3,3,0,8,8,8,10,Copper;Curse;Estate,6,Curse,0,0,0,0,1,0,0,0,0,0,0,1,0,0.9484,-0.4277,PASS:-0.379;Curse:-0.428;Estate:-0.639
5,2,2,5,1,2,3,-1,8,8,8,11,Copper;Curse;Duchy;Estate;Silver,6,Curse,0,0,1,1,1,0,0,0,0,0,0,1,0,0.9479,-0.5028,Duchy:-0.406;PASS:-0.473;Curse:-0.503
5,3,3,4,1,1,3,-2,8,8,8,12,Copper;Curse;Estate;Silver,1,Silver,0,0,0,1,1,0,0,0,1,0,0,0,0,0.9474,-0.6515,Curse:-0.566;PASS:-0.572;Silver:-0.652
5,4,4,3,1,1,3,-2,8,8,8,13,Copper;Curse;Estate;Silver,0,Copper,0,0,0,1,1,0,0,0,0,0,1,0,0,0.9469,-1.2128,PASS:-0.528;Curse:-0.558;Silver:-0.647
5,5,5,1,1,1,3,-2,8,8,8,14,Copper;Curse,0,Copper,0,0,0,0,1,0,0,0,0,0,1,0,0,0.9465,-1.2468,PASS:-0.540;Curse:-0.570;Copper:-1.247
5,6,6,5,1,1,3,-2,8,8,8,15,Copper;Curse;Duchy;Estate;Silver,4,Duchy,0,0,1,1,1,0,0,1,0,0,0,0,0,0.9460,-0.4704,Duchy:-0.470;PASS:-0.545;Curse:-0.596
5,7,7,5,1,4,3,1,8,7,8,16,Copper;Curse;Duchy;Estate;Silver,4,Duchy,0,0,1,1,1,0,0,1,0,0,0,0,0,0.9455,-0.4104,Duchy:-0.410;PASS:-0.419;Curse:-0.572
5,8,8,3,1,7,3,4,8,6,8,17,Copper;Curse;Estate;Silver,0,Copper,0,0,0,1,1,0,0,0,0,0,1,0,0,0.9451,-0.8394,PASS:-0.349;Curse:-0.540;Silver:-0.603
5,9,9,2,1,7,3,4,8,6,8,18,Copper;Curse;Estate,3,Estate,0,0,0,0,1,0,0,0,0,1,0,0,0,0.9446,-0.6360,PASS:-0.319;Curse:-0.559;Estate:-0.636
5,10,10,4,1,8,3,5,8,6,7,19,Copper;Curse;Estate;Silver,6,Curse,0,0,0,1,1,0,0,0,0,0,0,1,0,0.9441,-0.6072,PASS:-0.313;Curse:-0.607;Silver:-0.646
5,11,11,3,1,7,3,4,8,6,7,20,Copper;Curse;Estate;Silver,6,Curse,0,0,0,1,1,0,0,0,0,0,0,1,0,0.9436,-0.6682,PASS:-0.309;Curse:-0.668;Estate:-0.678
5,12,12,3,1,6,9,-3,7,6,7,21,Copper;Curse;Estate;Silver,33,NONE,0,0,0,1,1,0,0,0,0,0,0,0,1,0.9432,-0.3032,PASS:-0.303;Estate:-0.709;Curse:-0.722
5,13,13,2,1,6,9,-3,7,6,7,21,Copper;Curse;Estate,6,Curse,0,0,0,0,1,0,0,0,0,0,0,1,0,0.9427,-0.8067,PASS:-0.310;Estate:-0.756;Curse:-0.807
5,14,14,3,1,5,9,-4,7,6,7,22,Copper;Curse;Estate;Silver,1,Silver,0,0,0,1,1,0,0,0,1,0,0,0,0,0.9422,-0.8968,PASS:-0.312;Estate:-0.813;Curse:-0.891
5,15,15,2,1,5,15,-10,6,6,7,23,Copper;Curse;Estate,0,Copper,0,0,0,0,1,0,0,0,0,0,1,0,0,0.9418,-0.9687,PASS:-0.286;Estate:-0.824;Curse:-0.917
5,16,16,4,1,5,15,-10,6,6,7,24,Copper;Curse;Estate;Silver,1,Silver,0,0,0,1,1,0,0,0,1,0,0,0,0,0.9413,-0.9467,PASS:-0.246;Estate:-0.831;Curse:-0.942
5,17,17,3,1,5,15,-10,6,6,7,25,Copper;Curse;Estate;Silver,33,NONE,0,0,0,1,1,0,0,0,0,0,0,0,1,0.9408,-0.1879,PASS:-0.188;Estate:-0.805;Curse:-0.918
5,18,18,5,1,5,21,-16,5,6,7,25,Copper;Curse;Duchy;Estate;Silver,6,Curse,0,0,1,1,1,0,0,0,0,0,0,1,0,0.9403,-0.8302,PASS:-0.146;Duchy:-0.477;Estate:-0.784
5,19,19,5,1,4,27,-23,4,6,7,26,Copper;Curse;Duchy;Estate;Silver,4,Duchy,0,0,1,1,1,0,0,1,0,0,0,0,0,0.9399,-0.7034,Curse:-0.313;Silver:-0.363;Duchy:-0.703
5,20,20,1,1,7,33,-26,3,5,7,27,Copper;Curse,6,Curse,0,0,0,0,1,0,0,0,0,0,0,1,0,0.9394,-0.4024,Curse:-0.402;PASS:-2.936;Copper:-11.077
5,21,21,3,1,6,39,-33,2,5,7,28,Copper;Curse;Estate;Silver,0,Copper,0,0,0,1,1,0,0,0,0,0,1,0,0,0.9389,-18.6827,Curse:-0.639;Silver:-0.831;PASS:-5.073
5,22,22,3,1,6,39,-33,2,5,7,29,Copper;Curse;Estate;Silver,0,Copper,0,0,0,1,1,0,0,0,0,0,1,0,0,0.9385,-17.7203,Curse:-0.656;Silver:-0.826;PASS:-4.895
5,23,23,3,1,6,39,-33,2,5,7,30,Copper;Curse;Estate;Silver,33,NONE,0,0,0,1,1,0,0,0,0,0,0,0,1,0.9380,-5.4362,Curse:-0.725;Silver:-0.890;PASS:-5.436
5,24,24,4,1,6,45,-39,1,5,7,30,Copper;Curse;Estate;Silver,0,Copper,0,0,0,1,1,0,0,0,0,0,1,0,0,0.9375,-22.1998,Curse:-0.857;Silver:-1.007;PASS:-6.257
6,1,1,4,1,3,3,0,8,8,8,10,Copper;Curse;Estate;Silver,0,Copper,0,0,0,1,1,0,0,0,0,0,1,0,0,0.9371,-0.9331,PASS:0.197;Estate:-0.889;Copper:-0.933
6,2,2,3,1,3,3,0,8,8,8,11,Copper;Curse;Estate;Silver,3,Estate,0,0,0,1,1,0,0,0,0,1,0,0,0,0.9366,-0.9106,PASS:0.212;Estate:-0.911;Copper:-0.967
6,3,3,2,1,4,3,1,8,8,7,12,Copper;Curse;Estate,33,NONE,0,0,0,0,1,0,0,0,0,0,0,0,1,0.9361,0.1989,PASS:0.199;Estate:-0.921;Copper:-0.997
6,4,4,4,1,4,3,1,8,8,7,12,Copper;Curse;Estate;Silver,1,Silver,0,0,0,1,1,0,0,0,1,0,0,0,0,0.9356,-1.1526,PASS:0.153;Estate:-0.906;Copper:-0.987
6,5,5,4,1,4,3,1,8,8,7,13,Copper;Curse;Estate;Silver,1,Silver,0,0,0,1,1,0,0,0,1,0,0,0,0,0.9352,-1.1011,PASS:0.098;Estate:-0.890;Copper:-0.966
6,6,6,3,1,4,3,1,8,8,7,14,Copper;Curse;Estate;Silver,1,Silver,0,0,0,1,1,0,0,0,1,0,0,0,0,0.9347,-1.0456,PASS:0.053;Estate:-0.872;Copper:-0.942
6,7,7,6,1,4,3,1,8,8,7,15,Copper;Curse;Duchy;Estate;Gold;Silver,2,Gold,1,0,1,1,1,1,0,0,0,0,0,0,0,0.9342,-0.5091,PASS:0.008;Gold:-0.509;Duchy:-0.759
6,8,8,3,1,4,9,-5,7,8,7,16,Copper;Curse;Estate;Silver,6,Curse,0,0,0,1,1,0,0,0,0,0,0,1,0,0.9338,-0.9115,PASS:-0.031;Estate:-0.836;Copper:-0.889
6,9,9,5,1,3,9,-6,7,8,7,17,Copper;Curse;Duchy;Estate;Silver,33,NONE,0,0,1,1,1,0,0,0,0,0,0,0,1,0.9333,-0.0467,PASS:-0.047;Duchy:-0.786;Estate:-0.844
6,10,10,5,1,3,9,-6,7,8,7,17,Copper;Curse;Duchy;Estate;Silver,1,Silver,0,0,1,1,1,0,0,0,1,0,0,0,0,0.9328,-0.9439,PASS:-0.062;Duchy:-0.838;Estate:-0.874
6,11,11,7,1,3,15,-12,6,8,7,18,Copper;Curse;Duchy;Estate;Gold;Silver,4,Duchy,1,0,1,1,1,0,0,1,0,0,0,0,0,0.9324,-0.8476,PASS:-0.071;Gold:-0.505;Duchy:-0.848
6,12,12,4,1,6,15,-9,6,7,7,19,Copper;Curse;Estate;Silver,1,Silver,0,0,0,1,1,0,0,0,1,0,0,0,0,0.9319,-0.9483,PASS:-0.069;Estate:-0.900;Copper:-0.930
6,13,13,4,1,6,15,-9,6,7,7,20,Copper;Curse;Estate;Silver,33,NONE,0,0,0,1,1,0,0,0,0,0,0,0,1,0.9314,-0.0487,PASS:-0.049;Estate:-0.896;Copper:-0.913
6,14,14,3,1,6,15,-9,6,7,7,20,Copper;Curse;Estate;Silver,3,Estate,0,0,0,1,1,0,0,0,0,1,0,0,0,0.9310,-0.9166,PASS:-0.019;Estate:-0.917;Copper:-0.917
6,15,15,7,1,7,15,-8,6,7,6,21,Copper;Curse;Duchy;Estate;Gold;Silver,1,Silver,1,0,1,1,1,0,0,0,1,0,0,0,0,0.9305,-0.9017,PASS:0.006;Gold:-0.508;Copper:-0.897
6,16,16,7,1,7,15,-8,6,7,6,22,Copper;Curse;Duchy;Estate;Gold;Silver,0,Copper,1,0,1,1,1,0,0,0,0,0,1,0,0,0.9300,-0.9026,PASS:-0.023;Gold:-0.499;Silver:-0.864
6,17,17,8,1,7,21,-14,5,7,6,23,Copper;Curse;Duchy;Estate;Gold;Province;Silver,0,Copper,1,1,1,1,1,0,0,0,0,0,1,0,0,0.9296,-0.8873,PASS:-0.065;Province:-0.457;Gold:-0.484
6,18,18,4,1,7,21,-14,5,7,6,24,Copper;Curse;Estate;Silver,3,Estate,0,0,0,1,1,0,0,0,0,1,0,0,0,0.9291,-0.8758,PASS:-0.102;Silver:-0.812;Curse:-0.817
6,19,19,2,1,8,27,-19,4,7,5,25,Copper;Curse;Estate,6,Curse,0,0,0,0,1,0,0,0,0,0,0,1,0,0.9287,-0.7931,PASS:-0.140;Curse:-0.793;Estate:-0.848
6,20,20,5,1,7,27,-20,4,7,5,26,Copper;Curse;Duchy;Estate;Silver,0,Copper,0,0,1,1,1,0,0,0,0,0,1,0,0,0.9282,-0.8981,PASS:-0.163;Silver:-0.770;Curse:-0.774
6,21,21,8,1,7,33,-26,3,7,5,27,Copper;Curse;Duchy;Estate;Gold;Province;Silver,33,NONE,1,1,1,1,1,0,0,0,0,0,0,0,1,0.9277,-0.3233,PASS:-0.323;Province:-0.433;Gold:-0.471
6,22,22,2,1,7,39,-32,2,7,5,27,Copper;Curse;Estate,0,Copper,0,0,0,0,1,0,0,0,0,0,1,0,0,0.9273,-13.5759,Curse:-0.928;PASS:-4.598;Estate:-12.121
6,23,23,9,1,7,39,-32,2,7,5,28,Copper;Curse;Duchy;Estate;Gold;Province;Silver,1,Silver,1,1,1,1,1,0,0,0,1,0,0,0,0,0.9268,0.3716,Silver:0.372;Gold:-0.615;Curse:-1.234
6,24,24,5,1,7,45,-38,1,7,5,29,Copper;Curse;Duchy;Estate;Silver,4,Duchy,0,0,1,1,1,0,0,1,0,0,0,0,0,0.9263,-4.4792,Silver:0.535;Curse:-1.636;Duchy:-4.479
6,25,25,1,1,10,45,-35,1,6,5,30,Copper;Curse,0,Copper,0,0,0,0,1,0,0,0,0,0,1,0,0,0.9259,-19.6663,Curse:-1.135;PASS:-6.467;Copper:-19.666
6,26,26,4,1,10,45,-35,1,6,5,31,Copper;Curse;Estate;Silver,1,Silver,0,0,0,1,1,0,0,0,1,0,0,0,0,0.9254,0.1509,Silver:0.151;Curse:-1.322;PASS:-7.690
7,1,1,4,1,3,3,0,8,8,8,10,Copper;Curse;Estate;Silver,6,Curse,0,0,0,1,1,0,0,0,0,0,0,1,0,0.9249,-0.9235,PASS:-0.002;Estate:-0.914;Curse:-0.923
7,2,2,3,1,2,3,-1,8,8,8,11,Copper;Curse;Estate;Silver,33,NONE,0,0,0,1,1,0,0,0,0,0,0,0,1,0.9245,0.0352,PASS:0.035;Estate:-0.898;Copper:-0.912
7,3,3,2,1,2,3,-1,8,8,8,11,Copper;Curse;Estate,3,Estate,0,0,0,0,1,0,0,0,0,1,0,0,0,0.9240,-0.9019,PASS:0.060;Estate:-0.902;Copper:-0.903
7,4,4,4,1,3,3,0,8,8,7,12,Copper;Curse;Estate;Silver,6,Curse,0,0,0,1,1,0,0,0,0,0,0,1,0,0.9236,-0.9438,PASS:0.060;Copper:-0.898;Estate:-0.907
7,5,5,3,1,2,3,-1,8,8,7,13,Copper;Curse;Estate;Silver,33,NONE,0,0,0,1,1,0,0,0,0,0,0,0,1,0.9231,0.0645,PASS:0.065;Copper:-0.898;Estate:-0.921
7,6,6,4,1,2,3,-1,8,8,7,13,Copper;Curse;Estate;Silver,33,NONE,0,0,0,1,1,0,0,0,0,0,0,0,1,0.9226,0.0749,PASS:0.075;Copper:-0.886;Estate:-0.925
7,7,7,2,1,2,3,-1,8,8,7,13,Copper;Curse;Estate,0,Copper,0,0,0,0,1,0,0,0,0,0,1,0,0,0.9222,-0.8831,PASS:0.089;Copper:-0.883;Estate:-0.938
7,8,8,3,1,2,3,-1,8,8,7,14,Copper;Curse;Estate;Silver,0,Copper,0,0,0,1,1,0,0,0,0,0,1,0,0,0.9217,-0.8756,PASS:0.100;Copper:-0.876;Estate:-0.943
7,9,9,4,1,2,9,-7,7,8,7,15,Copper;Curse;Estate;Silver,33,NONE,0,0,0,1,1,0,0,0,0,0,0,0,1,0.9213,0.0880,PASS:0.088;Copper:-0.850;Estate:-0.916
7,10,10,3,1,2,9,-7,7,8,7,15,Copper;Curse;Estate;Silver,33,NONE,0,0,0,1,1,0,0,0,0,0,0,0,1,0.9208,0.0868,PASS:0.087;Copper:-0.851;Estate:-0.922
7,11,11,2,1,2,9,-7,7,8,7,15,Copper;Curse;Estate,6,Curse,0,0,0,0,1,0,0,0,0,0,0,1,0,0.9203,-0.9630,PASS:0.086;Copper:-0.860;Estate:-0.941
7,12,12,3,1,1,9,-8,7,8,7,16,Copper;Curse;Estate;Silver,3,Estate,0,0,0,1,1,0,0,0,0,1,0,0,0,0.9199,-0.9463,PASS:0.060;Copper:-0.871;Silver:-0.940
7,13,13,3,1,2,9,-7,7,8,6,17,Copper;Curse;Estate;Silver,1,Silver,0,0,0,1,1,0,0,0,1,0,0,0,0,0.9194,-0.9449,PASS:0.020;Copper:-0.895;Silver:-0.945
7,14,14,2,1,2,15,-13,6,8,6,18,Copper;Curse;Estate,33,NONE,0,0,0,0,1,0,0,0,0,0,0,0,1,0.9190,-0.0168,PASS:-0.017;Copper:-0.894;Estate:-0.935
7,15,15,5,1,2,15,-13,6,8,6,18,Copper;Curse;Duchy;Estate;Silver,6,Curse,0,0,1,1,1,0,0,0,0,0,0,1,0,0.9185,-0.9185,PASS:-0.038;Duchy:-0.897;Copper:-0.897
7,16,16,1,1,1,21,-20,5,8,6,19,Copper;Curse,0,Copper,0,0,0,0,1,0,0,0,0,0,1,0,0,0.9180,-0.9109,PASS:-0.048;Copper:-0.911;Curse:-0.922
7,17,17,3,1,1,27,-26,4,8,6,20,Copper;Curse;Estate;Silver,1,Silver,0,0,0,1,1,0,0,0,1,0,0,0,0,0.9176,-0.9922,PASS:-0.074;Copper:-0.982;Curse:-0.985
7,18,18,3,1,1,33,-32,3,8,6,21,Copper;Curse;Estate;Silver,1,Silver,0,0,0,1,1,0,0,0,1,0,0,0,0,0.9171,-0.9701,PASS:-0.073;Copper:-0.960;Curse:-0.961
7,19,19,3,1,1,39,-38,2,8,6,22,Copper;Curse;Estate;Silver,33,NONE,0,0,0,1,1,0,0,0,0,0,0,0,1,0.9167,-0.0724,PASS:-0.072;Curse:-0.907;Copper:-0.909
7,20,20,5,1,1,39,-38,2,8,6,22,Copper;Curse;Duchy;Estate;Silver,4,Duchy,0,0,1,1,1,0,0,1,0,0,0,0,0,0.9162,-0.8920,PASS:-0.080;Estate:-0.884;Duchy:-0.892
7,21,21,2,1,4,39,-35,2,7,6,23,Copper;Curse;Estate,6,Curse,0,0,0,0,1,0,0,0,0,0,0,1,0,0.9157,-0.9058,PASS:-0.073;Estate:-0.899;Curse:-0.906
7,22,22,4,1,3,39,-36,2,7,6,24,Copper;Curse;Estate;Silver,6,Curse,0,0,0,1,1,0,0,0,0,0,0,1,0,0.9153,-0.8922,PASS:-0.112;Estate:-0.868;Curse:-0.892
7,23,23,3,1,2,39,-37,2,7,6,25,Copper;Curse;Estate;Silver,33,NONE,0,0,0,1,1,0,0,0,0,0,0,0,1,0.9148,-0.2397,PASS:-0.240;Estate:-0.916;Curse:-0.960
7,24,24,3,1,2,39,-37,2,7,6,25,Copper;Curse;Estate;Silver,6,Curse,0,0,0,1,1,0,0,0,0,0,0,1,0,0.9144,-1.1003,PASS:-0.417;Estate:-1.088;Curse:-1.100
7,25,25,3,1,1,45,-44,1,7,6,26,Copper;Curse;Estate;Silver,0,Copper,0,0,0,1,1,0,0,0,0,0,1,0,0,0.9139,-35.9158,Curse:-3.444;Silver:-5.400;PASS:-11.095
7,26,26,4,1,1,45,-44,1,7,6,27,Copper;Curse;Estate;Silver,1,Silver,0,0,0,1,1,0,0,0,1,0,0,0,0,0.9135,-6.7988,Curse:-4.258;Silver:-6.799;PASS:-14.374
8,1,1,5,1,3,3,0,8,8,8,10,Copper;Curse;Duchy;Estate;Silver,6,Curse,0,0,1,1,1,0,0,0,0,0,0,1,0,0.9130,-0.9092,PASS:-0.087;Estate:-0.871;Curse:-0.909
8,2,2,2,1,2,3,-1,8,8,8,11,Copper;Curse;Estate,0,Copper,0,0,0,0,1,0,0,0,0,0,1,0,0,0.9125,-0.9839,PASS:-0.062;Estate:-0.935;Curse:-0.967
8,3,3,3,1,2,3,-1,8,8,8,12,Copper;Curse;Estate;Silver,33,NONE,0,0,0,1,1,0,0,0,0,0,0,0,1,0.9121,-0.0417,PASS:-0.042;Estate:-0.934;Curse:-0.953
8,4,4,4,1,2,3,-1,8,8,8,12,Copper;Curse;Estate;Silver,6,Curse,0,0,0,1,1,0,0,0,0,0,0,1,0,0.9116,-0.9359,PASS:-0.002;Estate:-0.927;Copper:-0.935
8,5,5,4,1,1,3,-2,8,8,8,13,Copper;Curse;Estate;Silver,3,Estate,0,0,0,1,1,0,0,0,0,1,0,0,0,0.9112,-0.9072,PASS:0.024;Copper:-0.903;Estate:-0.907
8,6,6,3,1,2,3,-1,8,8,7,14,Copper;Curse;Estate;Silver,33,NONE,0,0,0,1,1,0,0,0,0,0,0,0,1,0.9107,0.0227,PASS:0.023;Copper:-0.898;Curse:-0.899
8,7,7,2,1,2,9,-7,7,8,7,14,Copper;Curse;Estate,33,NONE,0,0,0,0,1,0,0,0,0,0,0,0,1,0.9103,0.0246,PASS:0.025;Curse:-0.861;Copper:-0.864
8,8,8,3,1,2,9,-7,7,8,7,14,Copper;Curse;Estate;Silver,33,NONE,0,0,0,1,1,0,0,0,0,0,0,0,1,0.9098,0.0324,PASS:0.032;Copper:-0.843;Curse:-0.843
8,9,9,4,1,2,9,-7,7,8,7,14,Copper;Curse;Estate;Silver,33,NONE,0,0,0,1,1,0,0,0,0,0,0,0,1,0.9094,0.0582,PASS:0.058;Copper:-0.835;Curse:-0.856
8,10,10,3,1,2,9,-7,7,8,7,14,Copper;Curse;Estate;Silver,33,NONE,0,0,0,1,1,0,0,0,0,0,0,0,1,0.9089,0.0933,PASS:0.093;Copper:-0.832;Curse:-0.880
8,11,11,1,1,2,9,-7,7,8,7,14,Copper;Curse,0,Copper,0,0,0,0,1,0,0,0,0,0,1,0,0,0.9084,-0.8602,PASS:0.120;Copper:-0.860;Curse:-0.934
8,12,12,4,1,2,15,-13,6,8,7,15,Copper;Curse;Estate;Silver,3,Estate,0,0,0,1,1,0,0,0,0,1,0,0,0,0.9080,-0.9280,PASS:0.108;Copper:-0.827;Curse:-0.919
8,13,13,3,1,3,15,-12,6,8,6,16,Copper;Curse;Estate;Silver,33,NONE,0,0,0,1,1,0,0,0,0,0,0,0,1,0.9075,0.1266,PASS:0.127;Copper:-0.853;Curse:-0.955
8,14,14,4,1,3,21,-18,5,8,6,16,Copper;Curse;Estate;Silver,0,Copper,0,0,0,1,1,0,0,0,0,0,1,0,0,0.9071,-0.8587,PASS:0.077;Copper:-0.859;Curse:-0.937
8,15,15,1,1,3,21,-18,5,8,6,17,Copper;Curse,0,Copper,0,0,0,0,1,0,0,0,0,0,1,0,0,0.9066,-0.9650,PASS:-0.041;Copper:-0.965;Curse:-0.999
8,16,16,4,1,3,21,-18,5,8,6,18,Copper;Curse;Estate;Silver,1,Silver,0,0,0,1,1,0,0,0,1,0,0,0,0,0.9062,-1.0847,PASS:-0.127;Curse:-0.974;Copper:-0.978
8,17,17,2,1,3,21,-18,5,8,6,19,Copper;Curse;Estate,0,Copper,0,0,0,0,1,0,0,0,0,0,1,0,0,0.9057,-0.9834,PASS:-0.172;Curse:-0.932;Estate:-0.965
8,18,18,2,1,3,27,-24,4,8,6,20,Copper;Curse;Estate,6,Curse,0,0,0,0,1,0,0,0,0,0,0,1,0,0.9053,-0.8435,PASS:-0.210;Curse:-0.844;Estate:-0.884
8,19,19,5,1,2,27,-25,4,8,6,21,Copper;Curse;Duchy;Estate;Silver,0,Copper,0,0,1,1,1,0,0,0,0,0,1,0,0,0.9048,-0.9854,PASS:-0.290;Curse:-0.862;Estate:-0.886
8,20,20,4,1,2,33,-31,3,8,6,22,Copper;Curse;Estate;Silver,33,NONE,0,0,0,1,1,0,0,0,0,0,0,0,1,0.9044,-0.3475,PASS:-0.347;Curse:-0.882;Estate:-0.891
8,21,21,2,1,2,33,-31,3,8,6,22,Copper;Curse;Estate,6,Curse,0,0,0,0,1,0,0,0,0,0,0,1,0,0.9039,-0.8402,PASS:-0.374;Curse:-0.840;Estate:-0.852
8,22,22,2,1,1,39,-38,2,8,6,23,Copper;Curse;Estate,33,NONE,0,0,0,0,1,0,0,0,0,0,0,0,1,0.9035,-0.5319,PASS:-0.532;Estate:-1.044;Curse:-1.093
8,23,23,1,1,1,45,-44,1,8,6,23,Copper;Curse,33,NONE,0,0,0,0,1,0,0,0,0,0,0,0,1,0.9030,-1.0359,PASS:-1.036;Curse:-1.656;Copper:-1.995
8,24,24,6,1,1,45,-44,1,8,6,23,Copper;Curse;Duchy;Estate;Gold;Silver,0,Copper,1,0,1,1,1,0,0,0,0,0,1,0,0,0.9026,-29.6418,Gold:-3.166;Duchy:-4.574;Curse:-6.173
9,1,1,5,1,3,3,0,8,8,8,10,Copper;Curse;Duchy;Estate;Silver,33,NONE,0,0,1,1,1,0,0,0,0,0,0,0,1,0.9021,-0.3105,PASS:-0.310;Duchy:-0.739;Curse:-0.755
9,2,2,2,1,3,3,0,8,8,8,10,Copper;Curse;Estate,0,Copper,0,0,0,0,1,0,0,0,0,0,1,0,0,0.9017,-0.9588,PASS:-0.312;Curse:-0.824;Estate:-0.876
9,3,3,3,1,3,3,0,8,8,8,11,Copper;Curse;Estate;Silver,1,Silver,0,0,0,1,1,0,0,0,1,0,0,0,0,0.9012,-0.8063,PASS:-0.282;Silver:-0.806;Curse:-0.813
9,4,4,4,1,3,3,0,8,8,8,12,Copper;Curse;Estate;Silver,3,Estate,0,0,0,1,1,0,0,0,0,1,0,0,0,0.9008,-0.8408,PASS:-0.231;Silver:-0.762;Curse:-0.778
9,5,5,4,1,4,3,1,8,8,7,13,Copper;Curse;Estate;Silver,33,NONE,0,0,0,1,1,0,0,0,0,0,0,0,1,0.9003,-0.1902,PASS:-0.190;Silver:-0.749;Curse:-0.769
9,6,6,4,1,4,3,1,8,8,7,13,Copper;Curse;Estate;Silver,0,Copper,0,0,0,1,1,0,0,0,0,0,1,0,0,0.8999,-0.8543,PASS:-0.174;Silver:-0.760;Curse:-0.784
9,7,7,2,1,4,9,-5,7,8,7,14,Copper;Curse;Estate,3,Estate,0,0,0,0,1,0,0,0,0,1,0,0,0,0.8994,-0.9070,PASS:-0.175;Curse:-0.823;Copper:-0.874
9,8,8,5,1,5,9,-4,7,8,6,15,Copper;Curse;Duchy;Estate;Silver,33,NONE,0,0,1,1,1,0,0,0,0,0,0,0,1,0.8990,-0.1745,PASS:-0.175;Duchy:-0.730;Curse:-0.841
9,9,9,4,1,5,9,-4,7,8,6,15,Copper;Curse;Estate;Silver,3,Estate,0,0,0,1,1,0,0,0,0,1,0,0,0,0.8985,-0.9787,PASS:-0.160;Copper:-0.902;Curse:-0.908
9,10,10,3,1,6,9,-3,7,8,5,16,Copper;Curse;Estate;Silver,33,NONE,0,0,0,1,1,0,0,0,0,0,0,0,1,0.8981,-0.1586,PASS:-0.159;Copper:-0.949;Curse:-0.991
9,11,11,4,1,6,9,-3,7,8,5,16,Copper;Curse;Estate;Silver,3,Estate,0,0,0,1,1,0,0,0,0,1,0,0,0,0.8976,-1.0767,PASS:-0.128;Copper:-0.939;Curse:-1.017
9,12,12,2,1,7,9,-2,7,8,4,17,Copper;Curse;Estate,0,Copper,0,0,0,0,1,0,0,0,0,0,1,0,0,0.8972,-0.9467,PASS:-0.078;Copper:-0.947;Curse:-1.059
9,13,13,3,1,7,9,-2,7,8,4,18,Copper;Curse;Estate;Silver,3,Estate,0,0,0,1,1,0,0,0,0,1,0,0,0,0.8967,-1.0671,PASS:-0.001;Copper:-0.878;Curse:-1.009
9,14,14,5,1,8,15,-7,6,8,3,19,Copper;Curse;Duchy;Estate;Silver,3,Estate,0,0,1,1,1,0,0,0,0,1,0,0,0,0.8963,-1.0211,PASS:-0.057;Duchy:-0.813;Copper:-0.865
9,15,15,5,1,9,15,-6,6,8,2,20,Copper;Curse;Duchy;Estate;Silver,0,Copper,0,0,1,1,1,0,0,0,0,0,1,0,0,0.8958,-0.8760,PASS:-0.067;Duchy:-0.815;Copper:-0.876
9,16,16,2,1,9,21,-12,5,8,2,21,Copper;Curse;Estate,6,Curse,0,0,0,0,1,0,0,0,0,0,0,1,0,0.8954,-0.9408,PASS:-0.074;Copper:-0.884;Curse:-0.941
9,17,17,2,1,8,21,-13,5,8,2,22,Copper;Curse;Estate,3,Estate,0,0,0,0,1,0,0,0,0,1,0,0,0,0.8949,-1.0084,PASS:-0.104;Copper:-0.906;Curse:-0.936
9,18,18,3,1,9,21,-12,5,8,1,23,Copper;Curse;Estate;Silver,33,NONE,0,0,0,1,1,0,0,0,0,0,0,0,1,0.8945,-0.1223,PASS:-0.122;Copper:-0.903;Curse:-0.911
9,19,19,2,1,9,21,-12,5,8,1,23,Copper;Curse;Estate,33,NONE,0,0,0,0,1,0,0,0,0,0,0,0,1,0.8940,-0.0195,PASS:-0.020;Curse:-0.827;Copper:-0.827
9,20,20,5,1,9,27,-18,4,8,1,23,Copper;Curse;Duchy;Estate;Silver,1,Silver,0,0,1,1,1,0,0,0,1,0,0,0,0,0.8936,-0.9186,PASS:-0.066;Duchy:-0.724;Curse:-0.777
9,21,21,1,1,9,33,-24,3,8,1,24,Copper;Curse,33,NONE,0,0,0,0,1,0,0,0,0,0,0,0,1,0.8931,0.0572,PASS:0.057;Copper:-0.700;Curse:-0.706
9,22,22,3,1,9,39,-30,2,8,1,24,Copper;Curse;Estate;Silver,33,NONE,0,0,0,1,1,0,0,0,0,0,0,0,1,0.8927,-0.0502,PASS:-0.050;Copper:-0.726;Estate:-0.734
9,23,23,2,1,9,39,-30,2,8,1,24,Copper;Curse;Estate,3,Estate,0,0,0,0,1,0,0,0,0,1,0,0,0,0.8922,-0.7421,PASS:-0.103;Estate:-0.742;Copper:-0.754
9,24,24,5,1,10,45,-35,1,8,0,25,Copper;Curse;Duchy;Silver,4,Duchy,0,0,1,1,1,0,0,1,0,0,0,0,0,0.8918,-1.5580,Duchy:-1.558;PASS:-1.911;Curse:-2.188
9,25,25,1,1,13,45,-32,1,7,0,26,Copper;Curse,0,Copper,0,0,0,0,1,0,0,0,0,0,1,0,0,0.8913,-0.8382,PASS:-0.262;Copper:-0.838;Curse:-0.838
9,26,26,4,1,13,45,-32,1,7,0,27,Copper;Curse;Silver,1,Silver,0,0,0,1,1,0,0,0,1,0,0,0,0,0.8909,-7.0955,Curse:-3.290;PASS:-5.133;Silver:-7.095
9,27,27,4,1,13,45,-32,1,7,0,28,Copper;Curse;Silver,6,Curse,0,0,0,1,1,0,0,0,0,0,0,1,0,0.8904,-3.7040,Curse:-3.704;PASS:-7.404;Silver:-9.056
10,1,1,5,1,3,3,0,8,8,8,10,Copper;Curse;Duchy;Estate;Silver,33,NONE,0,0,1,1,1,0,0,0,0,0,0,0,1,0.8900,-0.2183,PASS:-0.218;Duchy:-0.939;Estate:-1.010
10,2,2,2,1,3,3,0,8,8,8,10,Copper;Curse;Estate,3,Estate,0,0,0,0,1,0,0,0,0,1,0,0,0,0.8896,-1.1237,PASS:-0.287;Estate:-1.124;Curse:-1.161
10,3,3,3,1,4,3,1,8,8,7,11,Copper;Curse;Estate;Silver,6,Curse,0,0,0,1,1,0,0,0,0,0,0,1,0,0.8891,-1.1402,PASS:-0.303;Silver:-1.098;Estate:-1.103
10,4,4,4,1,3,3,0,8,8,7,12,Copper;Curse;Estate;Silver,33,NONE,0,0,0,1,1,0,0,0,0,0,0,0,1,0.8887,-0.2944,PASS:-0.294;Silver:-1.052;Estate:-1.065
10,5,5,3,1,3,3,0,8,8,7,12,Copper;Curse;Estate;Silver,33,NONE,0,0,0,1,1,0,0,0,0,0,0,0,1,0.8882,-0.2855,PASS:-0.285;Silver:-1.056;Estate:-1.084
10,6,6,3,1,3,3,0,8,8,7,12,Copper;Curse;Estate;Silver,33,NONE,0,0,0,1,1,0,0,0,0,0,0,0,1,0.8878,-0.2641,PASS:-0.264;Silver:-1.035;Estate:-1.076
10,7,7,3,1,3,3,0,8,8,7,12,Copper;Curse;Estate;Silver,33,NONE,0,0,0,1,1,0,0,0,0,0,0,0,1,0.8873,-0.2318,PASS:-0.232;Silver:-0.991;Estate:-1.042
10,8,8,3,1,3,3,0,8,8,7,12,Copper;Curse;Estate;Silver,33,NONE,0,0,0,1,1,0,0,0,0,0,0,0,1,0.8869,-0.1990,PASS:-0.199;Silver:-0.972;Estate:-1.038
10,9,9,3,1,3,9,-6,7,8,7,12,Copper;Curse;Estate;Silver,1,Silver,0,0,0,1,1,0,0,0,1,0,0,0,0,0.8865,-0.9018,PASS:-0.162;Silver:-0.902;Estate:-0.971
10,10,10,4,1,3,15,-12,6,8,7,13,Copper;Curse;Estate;Silver,6,Curse,0,0,0,1,1,0,0,0,0,0,0,1,0,0.8860,-0.9331,PASS:-0.148;Silver:-0.834;Estate:-0.887
10,11,11,4,1,2,15,-13,6,8,7,14,Copper;Curse;Estate;Silver,1,Silver,0,0,0,1,1,0,0,0,1,0,0,0,0,0.8856,-0.8244,PASS:-0.118;Silver:-0.824;Copper:-0.886
10,12,12,3,1,2,15,-13,6,8,7,15,Copper;Curse;Estate;Silver,1,Silver,0,0,0,1,1,0,0,0,1,0,0,0,0,0.8851,-0.8127,PASS:-0.103;Silver:-0.813;Copper:-0.866
10,13,13,4,1,2,21,-19,5,8,7,16,Copper;Curse;Estate;Silver,1,Silver,0,0,0,1,1,0,0,0,1,0,0,0,0,0.8847,-0.7927,PASS:-0.112;Silver:-0.793;Copper:-0.836
10,14,14,4,1,2,21,-19,5,8,7,17,Copper;Curse;Estate;Silver,0,Copper,0,0,0,1,1,0,0,0,0,0,1,0,0,0.8842,-0.8338,PASS:-0.125;Silver:-0.803;Copper:-0.834
10,15,15,5,1,2,27,-25,4,8,7,18,Copper;Curse;Duchy;Estate;Silver,33,NONE,0,0,1,1,1,0,0,0,0,0,0,0,1,0.8838,-0.1847,PASS:-0.185;Duchy:-0.782;Copper:-0.810
10,16,16,2,1,2,33,-31,3,8,7,18,Copper;Curse;Estate,33,NONE,0,0,0,0,1,0,0,0,0,0,0,0,1,0.8834,-0.2043,PASS:-0.204;Copper:-0.828;Estate:-0.849
10,17,17,6,1,2,33,-31,3,8,7,18,Copper;Curse;Duchy;Estate;Gold;Silver,33,NONE,1,0,1,1,1,0,0,0,0,0,0,0,1,0.8829,-0.2986,PASS:-0.299;Gold:-0.702;Duchy:-0.801
10,18,18,5,1,2,33,-31,3,8,7,18,Copper;Curse;Duchy;Estate;Silver,33,NONE,0,0,1,1,1,0,0,0,0,0,0,0,1,0.8825,-0.3133,PASS:-0.313;Duchy:-0.825;Copper:-0.876
10,19,19,5,1,2,39,-37,2,8,7,18,Copper;Curse;Duchy;Estate;Silver,6,Curse,0,0,1,1,1,0,0,0,0,0,0,1,0,0.8820,-1.2035,PASS:-0.616;Duchy:-0.978;Copper:-1.144
10,20,20,6,1,1,39,-38,2,8,7,19,Copper;Curse;Duchy;Estate;Gold;Silver,6,Curse,1,0,1,1,1,0,0,0,0,0,0,1,0,0.8816,-2.7958,Gold:-1.183;Duchy:-1.386;PASS:-2.206
10,21,21,3,1,0,39,-39,2,8,7,20,Copper;Curse;Estate;Silver,33,NONE,0,0,0,1,1,0,0,0,0,0,0,0,1,0.8811,-0.3402,PASS:-0.340;Copper:-0.921;Estate:-0.961
10,22,22,3,1,0,39,-39,2,8,7,20,Copper;Curse;Estate;Silver,1,Silver,0,0,0,1,1,0,0,0,1,0,0,0,0,0.8807,-1.3962,PASS:-0.589;Copper:-1.151;Estate:-1.187
10,23,23,5,1,0,45,-45,1,8,7,21,Copper;Curse;Duchy;Estate;Silver,4,Duchy,0,0,1,1,1,0,0,1,0,0,0,0,0,0.8803,-1.0877,Duchy:-1.088;PASS:-6.242;Curse:-7.042
